Name,Symbol,Atomic_Number,Atomic_Weight,Density,Melting_Point,Boiling_Point,Phase,Absolute_Melting_Point,Absolute_Boiling_Point,Critical_Pressure,Critical_Temperature,Heat_of_Fusion,Heat_of_Vaporization,Specific_Heat,Adiabatic_Index,Neel_Point,Thermal_Conductivity,Thermal_Expansion,Density_Liquid,Molar_Volume,Brinell_Hardness,Mohs_Hardness,Vickers_Hardness,Bulk_Modulus,Shear_Modulus,Young_Modulus,Poisson_Ratio,Refractive_Index,Speed_of_Sound,Valence,Electronegativity,ElectronAffinity,DOT_Hazard_Class,DOT_Numbers,RTECS_Number,Alternate_Names,Block,Group,Period,Series,Electron_Configuration,Color,Gas_phase,CAS_Number,CID_Number,Electrical_Type,Electrical_Conductivity,Resistivity,Superconducting_Point,Magnetic_Type,Curie_Point,Mass_Magnetic_Susceptibility,Molar_Magnetic_Susceptibility,Volume_Magnetic_Susceptibility,Percent_in_Universe,Percent_in_Sun,Percent_in_Meteorites,Percent_in_Earths_Crust,Percent_in_Oceans,Percent_in_Humans,Atomic_Radius,Covalent_Radius,Van_der_Waals_Radius,Space_Group_Name,Space_Group_Number,HalfLife,Lifetime,Decay_Mode,Quantum_Numbers,Neutron_Cross_Section,Neutron_Mass_Absorption,Autoignition_Point,Flashpoint,Heat_of_Combustion,Gmelin_Number,Production,Price,IUPAC_Period,IUPAC_Group,IUPAC_Number,IUPAC_Series
Hydrogen,H,1,1.00794,0.0899,14.009999999999991,20.279999999999973,Gas,14.01,20.28,1293000,32.97,0.558,0.452,14300,7/5,NA,0.1805,NA,NA,0.01121,NA,NA,NA,NA,NA,NA,NA,1.000132,1270,1,2.2,72.8,2.1,1966,RTECSMW8900000,,s,1,1,Nonmetal,1s1,Colorless,Diatomic,CAS1333-74-0,CID783,,NA,NA,NA,Diamagnetic,NA,NA,NA,-2.23e-9,75,75,2.4,0.15,11,10,5.3e-11,3.0999999999999996e-11,1.2e-10,P63/mmc,194,Inf,Inf,,2S1/2,0.332,0.011,808.65,NA,NA,Gmelin3,63095734448,7.943,1,1,1,Nonmetal
Helium,He,2,4.002602,0.1785,NA,4.21999999999997,Gas,NA,4.22,227000,5.19,0.02,0.083,5193.1,5/3,NA,0.1513,NA,NA,0.022424,NA,NA,NA,NA,NA,NA,NA,1.000035,970,0,NA,0,2.2,1963,RTECSMH6520000,,s,18,1,Noble Gas,1s2,Colorless,Monoatomic,CAS7440-59-7,CID23987,,NA,NA,NA,Diamagnetic,NA,NA,NA,-1.05e-9,23,23,NA,5.5e-7,7.2e-10,NA,3.0999999999999996e-11,2.8e-11,1.4e-10,"Fm_
3m",225,Inf,Inf,,1S0,0.007,1e-5,NA,NA,NA,Gmelin16294,19952623,3.162,1,18,2,Noble Gas
Lithium,Li,3,6.941,535,453.68999999999994,1615.15,Solid,453.69,1615,67000000,3223,3,147,3570,,NA,85,4.6e-5,512,1.297e-5,NA,0.6,NA,11000000000,4200000000,4900000000,NA,NA,6000,1,0.98,59.6,4.3,1415,RTECSOJ5540000,,s,1,2,Alkali Metal,[He]2s1,Silver,,CAS7439-93-2,CID3028194,Conductor,11000000,9.400000000002e-8,NA,Paramagnetic,NA,NA,NA,1.37e-5,6e-7,6e-9,1.7e-4,0.0017,1.8e-5,3e-6,1.67e-10,1.28e-10,1.82e-10,"Im_
3m",229,Inf,Inf,,2S1/2,71,NA,452.15,NA,-298,Gmelin30,25118864,31.62,2,1,3,Alkali Metal
Beryllium,Be,4,9.012182,1848,1560.15,2743.15,Solid,1560,2743,NA,NA,7.95,297,1820,,NA,190,1.13e-5,1690,4.8767e-6,600000000,5.5,1670000000,130000000000,132000000000,287000000000,0.032,NA,13000,2,1.57,0,6.1,1567,RTECSDS1750000,,s,2,2,Alkaline Earth Metal,[He]2s2,SlateGray,,CAS7440-41-7,CID5460467,Conductor,25000000,3.999999999998e-8,0.026,Diamagnetic,NA,NA,NA,-2.328e-5,1e-7,1e-8,2.9e-6,1.9e-4,6e-11,4e-8,1.12e-10,9.6e-11,NA,P63/mmc,194,Inf,Inf,,1S0,0.0092,3e-5,NA,NA,NA,Gmelin16256,630957,NA,2,2,4,Alkaline Earth Metal
Boron,B,5,10.811,2460,2348.15,4273.15,Solid,2348,4273,NA,NA,50,507,1030,,NA,27,6e-6,2080,4.3943e-6,NA,9.3,49000000000,320000000000,NA,NA,NA,NA,16200,3,2.04,26.7,NA,NA,RTECSED7350000,,p,13,2,Metalloid,[He]2s22p1,Black,,CAS7440-42-8,CID5462311,Insulator,1e-4,10000,NA,Diamagnetic,NA,NA,NA,-2.14e-5,1e-7,2e-7,1.6e-4,8.6e-4,4.4e-4,7e-5,8.7e-11,8.5e-11,NA,"R_
3m",166,Inf,Inf,,2P1/2,760,2.4,NA,NA,NA,Gmelin16262,1584893192,25.12,2,13,5,Metalloid
Carbon,C,6,12.0107,2260,3823.15,4300.15,Solid,3823,4300,NA,NA,105,715,710,,NA,140,7.1e-6,NA,5.3146e-6,NA,0.5,NA,33000000000,NA,NA,NA,2.417,18350,4,2.55,153.9,4.2,1361,RTECSHL4158550,,p,14,2,Nonmetal,[He]2s22p2,Black,,CAS7440-44-0,CID5462310,Conductor,100000,1e-5,NA,Diamagnetic,NA,NA,NA,-1.4e-5,0.5,0.3,1.5,0.18,0.0028,23,6.7e-11,7.6e-11,1.7e-10,P63/mmc,194,Inf,Inf,,3P0,0.0035,1.5e-5,758.15,NA,-393,Gmelin8868,1584893192,1.514,2,14,6,Nonmetal
Nitrogen,N,7,14.0067,1.251,63.04999999999998,77.35999999999999,Gas,63.05,77.36,3390000,126.21,0.36,2.79,1040,7/5,NA,0.02583,NA,NA,0.011197,NA,NA,NA,NA,NA,NA,NA,1.000298,333.6,3,3.04,7,2.2,1977,RTECSQW9700000,,p,15,2,Nonmetal,[He]2s22p3,Colorless,Diatomic,CAS7727-37-9,CID947,,NA,NA,NA,Diamagnetic,NA,NA,NA,-6.8e-9,0.1,0.1,0.14,0.002,5e-5,2.6,5.6e-11,7.1e-11,1.55e-10,P63/mmc,194,Inf,Inf,,4S3/2,1.91,0.0048,NA,NA,NA,Gmelin150,125892541179,6.31,2,15,7,Nonmetal
Oxygen,O,8,15.9994,1.429,54.849999999999966,90.24999999999997,Gas,54.8,90.2,5043000,154.59,0.222,3.41,919,7/5,NA,0.02658,NA,NA,0.011196,NA,NA,NA,NA,NA,NA,NA,1.000271,317.5,2,3.44,141,2.2,1073,RTECSRS2060000,,p,16,2,Chalcogen,[He]2s22p4,Colorless,Diatomic,CAS7782-44-7,CID977,,NA,NA,NA,Paramagnetic,NA,NA,NA,1.90772e-6,1,0.9,40,46,86,61,4.8e-11,6.6e-11,1.52e-10,C12/m1,12,Inf,Inf,,3P2,2.8e-4,1e-6,NA,NA,NA,Gmelin485,79432823472,0.03981,2,16,8,Chalcogen
Fluorine,F,9,18.9984032,1.696,53.54999999999998,85.02999999999997,Gas,53.5,85.03,5172000,144.13,0.26,3.27,824,7/5,NA,0.0277,NA,NA,0.011202,NA,NA,NA,NA,NA,NA,NA,1.000195,NA,1,3.98,328,2.3,9192,RTECSLM6475000,,p,17,2,Halogen,[He]2s22p5,Colorless,Diatomic,CAS7782-41-4,CID24524,,NA,NA,NA,,NA,NA,NA,NA,4e-5,5e-5,0.0087,0.054,1.3e-4,0.0037,4.2e-11,5.7e-11,1.47e-10,C12/c1,15,Inf,Inf,,2P3/2,0.0096,2e-5,NA,NA,NA,Gmelin16281,2511886432,NA,2,17,9,Halogen
Neon,Ne,10,20.1797,0.9,24.559999999999974,27.069999999999965,Gas,24.56,27.07,2760000,44.4,0.34,1.75,1030,5/3,NA,0.0491,NA,NA,0.02242,NA,NA,NA,NA,NA,NA,NA,1.000067,936,0,NA,0,2.2,1913,RTECSQP4450000,,p,18,2,Noble Gas,[He]2s22p6,Colorless,Monoatomic,CAS7440-01-9,CID23935,,NA,NA,NA,Diamagnetic,NA,NA,NA,-3.69e-9,0.13,0.1,NA,3e-7,1.2e-8,NA,3.8e-11,5.8e-11,1.5399999999999999e-10,"Fm_
3m",225,Inf,Inf,,1S0,0.04,5.9e-4,NA,NA,NA,Gmelin16211,5011872,316.2,2,18,10,Noble Gas
Sodium,Na,11,22.98977,968,370.87,1156.15,Solid,370.87,1156,35000000,2573,2.6,97.7,1230,,NA,140,7e-5,927,2.375e-5,690000,0.5,NA,6300000000,3300000000,10000000000,NA,NA,3200,1,0.93,52.8,4.3,1428,RTECSVY0686000,Natrium,s,1,3,Alkali Metal,[Ne]3s1,Silver,,CAS7440-23-5,CID5360545,Conductor,21000000,4.699999999998e-8,NA,Paramagnetic,NA,NA,NA,8.6e-6,0.002,0.004,0.55,2.3,1.1,0.14,1.9e-10,1.66e-10,2.27e-10,"Im_
3m",229,Inf,Inf,,2S1/2,0.53,7e-4,388.15,NA,NA,Gmelin563,100000000000,NA,3,1,11,Alkali Metal
Magnesium,Mg,12,24.305,1738,923.15,1363.15,Solid,923,1363,NA,NA,8.7,128,1020,,NA,160,2.48e-5,1584,1.3984e-5,260000000,2.5,NA,45000000000,17000000000,45000000000,0.29,NA,4602,2,1.31,0,4.1,2950,,,s,2,3,Alkaline Earth Metal,[Ne]3s2,Silver,,CAS7439-95-4,CID5462224,Conductor,23000000,4.399999999999e-8,NA,Paramagnetic,NA,NA,NA,1.2e-5,0.059,0.07,12,2.9,0.13,0.027,1.45e-10,1.41e-10,1.73e-10,P63/mmc,194,Inf,Inf,,1S0,0.063,1e-4,745.15,NA,-668,Gmelin16207,7079457844,3.162,3,2,12,Alkaline Earth Metal
Aluminum,Al,13,26.981538,2700,933.47,2792.15,Solid,933.47,2792,NA,NA,10.7,293,904,,NA,235,2.31e-5,2375,9.99e-6,245000000,2.75,167000000,76000000000,26000000000,70000000000,0.35,NA,5100,3,1.61,42.5,4.3,1396,RTECSBD0330000,Aluminium,p,13,3,Poor Metal,[Ne]3s23p1,Silver,,CAS7429-90-5,CID5359268,Conductor,38000000,2.6e-8,1.175,Paramagnetic,NA,NA,NA,2.11e-5,0.005,0.006,0.9,8.1,5e-7,9e-5,1.18e-10,1.21e-10,NA,"Fm_
3m",225,Inf,Inf,,2P1/2,0.233,0.03,673.15,NA,NA,Gmelin16248,39810717055,1.995,3,13,13,Poor Metal
Silicon,Si,14,28.0855,2330,1687.15,3173.15,Solid,1687,3173,NA,NA,50.2,359,710,,NA,150,2.6e-6,2570,1.2054e-5,NA,6.5,9630130300,100000000000,NA,47000000000,NA,NA,2200,4,1.9,133.6,4.1,1346,RTECSVW0400000,,p,14,3,Metalloid,[Ne]3s23p2,Gray,,CAS7440-21-3,CID5461123,Semiconductor,1000,0.001,NA,Diamagnetic,NA,NA,NA,-3.73e-6,0.07,0.09,14,27,1e-4,0.026,1.1099999999999999e-10,1.1099999999999999e-10,2.1e-10,"Fd_
3m",227,Inf,Inf,,3P0,0.166,2e-4,423.15,NA,-9055,Gmelin61188,6309573445,2.512,3,14,14,Metalloid
Phosphorus,P,15,30.973761,1823,317.34999999999997,553.65,Solid,317.3,553.6,NA,NA,0.64,12.4,769.7,,NA,0.236,NA,NA,1.6991e-5,NA,NA,NA,11000000000,NA,NA,NA,1.001212,NA,5,2.19,71,4.1,NA,RTECSTH3495000,,p,15,3,Nonmetal,[Ne]3s23p3,Colorless,,CAS7723-14-0,CID5462309,Conductor,10000000,1e-7,NA,Diamagnetic,NA,NA,NA,-2.06e-5,7e-4,7e-4,0.11,0.099,7e-6,1.1,9.8e-11,1.0699999999999999e-10,1.8e-10,P-1,2,Inf,Inf,,4S3/2,0.18,2e-4,573.15,NA,NA,Gmelin8863,31622776602,0.5248,3,15,15,Nonmetal
Sulfur,S,16,32.065,1960,388.35999999999996,717.87,Solid,388.36,717.87,20700000,1314,1.73,9.8,705,,NA,0.205,NA,1819,1.6357e-5,NA,2,NA,7700000000,NA,NA,NA,1.001111,NA,6,2.58,200,NA,NA,RTECSWS4250000,Sulphur,p,16,3,Chalcogen,[Ne]3s23p4,Yellow,,CAS7704-34-9,CID5362487,Insulator,1e-15,1e15,NA,Diamagnetic,NA,NA,NA,-1.22e-5,0.05,0.04,4,0.042,0.093,0.2,8.7e-11,1.05e-10,1.8e-10,Fddd,70,Inf,Inf,,3P2,0.52,5.5e-4,NA,NA,NA,NA,63095734448,0.1995,3,16,16,Chalcogen
Chlorine,Cl,17,35.453,3.214,171.64999999999998,239.10999999999999,Gas,171.6,239.11,7991000,416.9,3.2,10.2,478.2,7/5,NA,0.0089,NA,NA,0.01103,NA,NA,NA,1100000000,NA,NA,NA,1.000773,206,5,3.16,349,NA,NA,RTECSFO2100000,,p,17,3,Halogen,[Ne]3s23p5,Yellow,Diatomic,CAS7782-50-5,CID24526,Insulator,0.01,100,NA,Diamagnetic,NA,NA,NA,-2.31e-8,1e-4,8e-4,0.037,0.017,2,0.12,7.9e-11,1.02e-10,1.75e-10,Cmca,64,Inf,Inf,,2P3/2,35.3,0.033,NA,NA,NA,NA,50118723363,NA,3,17,17,Halogen
Argon,Ar,18,39.948,1.784,83.84999999999997,87.34999999999997,Gas,83.8,87.3,4898000,150.87,1.18,6.5,520.33,5/3,NA,0.01772,NA,NA,0.022392,NA,NA,NA,NA,NA,NA,NA,1.000281,319,0,NA,0,2.2,1951,RTECSCF2300000,,p,18,3,Noble Gas,[Ne]3s23p6,Colorless,Monoatomic,CAS7440-37-1,CID23968,,NA,NA,NA,Diamagnetic,NA,NA,NA,-1.07e-8,0.02,0.007,NA,1.5e-4,4.5e-5,NA,7.1e-11,1.06e-10,1.88e-10,"Fm_
3m",225,Inf,Inf,,1S0,0.66,5.9e-4,NA,NA,NA,Gmelin821,3162277660,0.6166,3,18,18,Noble Gas
Potassium,K,19,39.0983,856,336.53,1032.15,Solid,336.53,1032,16000000,2223,2.33,76.9,757,,NA,100,NA,828,4.568e-5,363000,0.4,NA,3100000000,1300000000,NA,NA,NA,2000,1,0.82,48.4,4.3,2257,RTECSTS6460000,Kalium,s,1,4,Alkali Metal,[Ar]4s1,Silver,,CAS7440-09-7,CID5462222,Conductor,14000000,7.000000000002e-8,NA,Paramagnetic,NA,NA,NA,5.74e-6,3e-4,4e-4,0.07,1.5,0.042,0.2,2.43e-10,2.03e-10,2.75e-10,"Im_
3m",229,Inf,Inf,,2S1/2,2.1,0.0018,713.15,NA,-182,Gmelin15203,25118864315,NA,4,1,19,Alkali Metal
Calcium,Ca,20,40.078,1550,1115.15,1757.15,Solid,1115,1757,NA,NA,8.54,155,631,,NA,200,2.23e-5,1378,2.5857e-5,167000000,1.75,NA,17000000000,7400000000,20000000000,0.31,NA,3810,2,1,2.37,4.2,1855,,,s,2,4,Alkaline Earth Metal,[Ar]4s2,Silver,,CAS7440-70-2,CID5460341,Conductor,29000000,3.399999999999e-8,NA,Paramagnetic,NA,NA,NA,2.139e-5,0.007,0.007,1.1,5,4.2e-4,1.4,1.94e-10,1.7599999999999999e-10,NA,"Fm_
3m",225,Inf,Inf,,1S0,0.43,3.7e-4,NA,NA,-990,Gmelin16277,31622776602,NA,4,2,20,Alkaline Earth Metal
Scandium,Sc,21,44.95591,2985,1814.15,3103.15,Solid,1814,3103,NA,NA,16,318,567,,NA,16,1.02e-5,2800,1.5061e-5,750000000,NA,NA,57000000000,29000000000,74000000000,0.28,NA,NA,3,1.36,18.1,4.1,3089,,,d,3,4,Transition Metal,[Ar]4s23d1,Silver,,CAS7440-20-2,CID23952,Conductor,1800000,5.5e-7,0.05,Paramagnetic,NA,NA,NA,2.627e-4,3e-6,4e-6,6.4e-4,0.0026,1.5e-10,NA,1.8399999999999998e-10,1.7e-10,NA,P63/mmc,194,Inf,Inf,,2D3/2,27.2,0.025,NA,NA,NA,Gmelin16304,1995,1259,4,3,21,Transition Metal
Titanium,Ti,22,47.867,4507,1941.15,3560.15,Solid,1941,3560,NA,NA,18.7,425,520,,NA,22,8.6e-6,4110,1.0621e-5,715000000,6,970000000,110000000000,44000000000,116000000000,0.32,NA,4140,4,1.54,7.6,4.2,2546,,,d,4,4,Transition Metal,[Ar]4s23d2,Silver,,CAS7440-32-6,CID23963,Conductor,2500000,4e-7,0.4,Paramagnetic,NA,NA,NA,1.807e-4,3e-4,4e-4,0.054,0.66,1e-7,NA,1.7599999999999999e-10,1.6e-10,NA,P63/mmc,194,Inf,Inf,,3F2,6.1,0.0044,523.15,NA,NA,Gmelin16313,2630267992,25.12,4,4,22,Transition Metal
Vanadium,V,23,50.9415,6110,2183.15,3680.15,Solid,2183,3680,NA,NA,22.8,453,489,,NA,31,8.4e-6,5500,8.3374000000000008e-06,628000000,7,628000000,160000000000,47000000000,128000000000,0.37,NA,4560,5,1.63,50.6,4.1,3089,,,d,5,4,Transition Metal,[Ar]4s23d3,Silver,,CAS7440-62-2,CID23990,Conductor,5000000,2e-7,5.4,Paramagnetic,NA,NA,NA,3.837e-4,1e-4,4e-5,0.0061,0.019,1.5e-7,3e-6,1.71e-10,1.53e-10,NA,"Im_
3m",229,Inf,Inf,,4F3/2,5.06,0.0033,NA,NA,NA,Gmelin49047,63095734,25.12,4,5,23,Transition Metal
Chromium,Cr,24,51.9961,7190,2180.15,2944.15,Solid,2180,2944,NA,NA,20.5,339,448,,393,94,4.9e-6,6300,7.2317e-6,1120000000,8.5,1060000000,160000000000,115000000000,279000000000,0.21,NA,5940,6,1.66,64.3,4.1,3089,RTECSGB4200000,,d,6,4,Transition Metal,[Ar]4s13d5,Silver,,CAS7440-47-3,CID23976,Conductor,7900000,1.3e-7,NA,Antiferromagnetic,NA,NA,NA,3.177e-4,0.0015,0.002,0.3,0.014,6e-8,3e-6,1.66e-10,1.3899999999999999e-10,NA,"Im_
3m",229,Inf,Inf,,7S3,3.1,0.0021,673.15,NA,NA,Gmelin16274,19952623150,2.512,4,6,24,Transition Metal
Manganese,Mn,25,54.938049,7470,1519.15,2334.15,Solid,1519,2334,NA,NA,13.2,220,479,,100,7.7,2.17e-5,5950,7.3545e-6,196000000,6,NA,120000000000,NA,198000000000,NA,NA,5150,4,1.55,0,4.1,3089,,,d,7,4,Transition Metal,[Ar]4s23d5,Silver,,CAS7439-96-5,CID23930,Conductor,620000,1.6e-6,NA,Paramagnetic,NA,NA,NA,9.0387e-4,8e-4,0.001,0.27,0.11,2e-7,2e-5,1.6099999999999999e-10,1.3899999999999999e-10,NA,"I_
43m",217,Inf,Inf,,6S5/2,13.3,0.0083,NA,NA,NA,Gmelin699,12589254118,3.981,4,7,25,Transition Metal
Iron,Fe,26,55.845,7874,1811.15,3134.15,Solid,1811,3134,NA,NA,13.8,347,449,,NA,79,1.18e-5,6980,7.0923e-6,490000000,4,608000000,170000000000,82000000000,211000000000,0.29,NA,4910,3,1.83,15.7,4.1,3089,RTECSNO4565500,Ferrum,d,8,4,Transition Metal,[Ar]4s23d6,Gray,,CAS7439-89-6,CID23925,Conductor,10000000,9.700000000001e-8,NA,Ferromagnetic,1043,NA,NA,NA,0.11,0.1,22,6.3,3e-7,0.006,1.56e-10,1.32e-10,NA,"Im_
3m",229,Inf,Inf,,5D4,2.56,0.0015,373.15,NA,NA,Gmelin6845,2511886431510,0.5754,4,8,26,Transition Metal
Cobalt,Co,27,58.9332,8900,1768.15,3200.15,Solid,1768,3200,NA,NA,16.2,375,421,,NA,100,1.3e-5,7750,6.62e-6,700000000,5,1043000000,180000000000,76000000000,209000000000,0.31,NA,4720,4,1.88,63.7,4.1,3089,RTECSGF8750000,,d,9,4,Transition Metal,[Ar]4s23d7,Gray,,CAS7440-48-4,CID104730,Conductor,17000000,6.000000000002e-8,NA,Ferromagnetic,1394,NA,NA,NA,3e-4,4e-4,0.059,0.003,8e-9,2e-6,1.52e-10,1.26e-10,NA,P63/mmc,194,Inf,Inf,,4F9/2,37.2,0.021,NA,NA,NA,Gmelin49017,79432823,39.81,4,9,27,Transition Metal
Nickel,Ni,28,58.6934,8908,1728.15,3186.15,Solid,1728,3186,NA,NA,17.2,378,445,,NA,91,1.34e-5,7810,6.5888e-6,700000000,4,638000000,180000000000,76000000000,200000000000,0.31,NA,4970,2,1.91,112,4.1,3089,RTECSQR5950000,,d,10,4,Transition Metal,[Ar]4s23d8,Gray,,CAS7440-02-0,CID935,Conductor,14000000,7.000000000002e-8,NA,Ferromagnetic,631,NA,NA,NA,0.006,0.008,1.3,0.009,2e-7,1e-5,1.49e-10,1.2399999999999999e-10,1.63e-10,"Fm_
3m",225,Inf,Inf,,3F4,4.5,0.0026,NA,NA,NA,Gmelin16229,1258925412,19.95,4,10,28,Transition Metal
Copper,Cu,29,63.546,8960,1357.77,2835.15,Solid,1357.77,3200,NA,NA,13.1,300,384.4,,NA,400,1.65e-5,8020,7.0922e-6,874000000,3,369000000,140000000000,48000000000,130000000000,0.34,NA,3570,2,1.9,118.4,4.1,3089,RTECSGL5325000,Cuprum,d,11,4,Transition Metal,[Ar]4s13d10,Copper,,CAS7440-50-8,CID23978,Conductor,59000000,1.7e-8,NA,Diamagnetic,NA,NA,NA,-9.63e-6,6e-6,7e-5,0.011,0.0068,3e-7,1e-4,1.45e-10,1.32e-10,1.4e-10,"Fm_
3m",225,Inf,Inf,,2S1/2,3.78,0.0021,NA,NA,NA,Gmelin16269,15848931925,7.943,4,11,29,Transition Metal
Zinc,Zn,30,65.409,7140,692.68,1180.15,Solid,692.68,1180,NA,NA,7.35,119,388,,NA,120,3.02e-5,6570,9.157e-6,412000000,2.5,NA,70000000000,43000000000,108000000000,0.25,1.00205,3700,2,1.65,0,4.3,1436,RTECSZG8600000,,d,12,4,Transition Metal,[Ar]4s23d10,SlateGray,,CAS7440-66-6,CID23994,Conductor,17000000,5.900000000001e-8,0.85,Diamagnetic,NA,NA,NA,-1.58e-5,3e-5,2e-4,0.018,0.0078,5e-7,0.0033,1.42e-10,1.22e-10,1.3899999999999999e-10,P63/mmc,194,Inf,Inf,,1S0,1.1,5.5e-4,733.15,NA,NA,Gmelin16321,12589254118,1.82,4,12,30,Transition Metal
Gallium,Ga,31,69.723,5904,302.90999999999997,2477.15,Solid,302.91,2477,NA,NA,5.59,256,371,,NA,29,1.2e-4,6095,1.1809e-5,60000000,1.5,NA,NA,NA,NA,NA,NA,2740,3,1.81,28.9,8,2803,RTECSLW8600000,,p,13,4,Poor Metal,[Ar]4s23d104p1,Silver,,CAS7440-55-3,CID5360835,Conductor,7100000,1.4e-7,1.083,Diamagnetic,NA,NA,NA,-1.77e-5,1e-6,4e-6,7.6e-4,0.0019,3e-9,NA,1.36e-10,1.22e-10,1.87e-10,Cmca,64,Inf,Inf,,2P1/2,2.9,0.0015,NA,NA,NA,Gmelin16287,125893,794.3,4,13,31,Poor Metal
Germanium,Ge,32,72.64,5323,1211.4499999999998,3093.15,Solid,1211.4,3093,NA,NA,31.8,334,321.4,,NA,60,6e-6,5600,1.3645e-5,7273402498.870999,6,8012033050,NA,NA,NA,NA,NA,5400,4,2.01,119,4.1,3089,RTECSLY5200000,,p,14,4,Metalloid,[Ar]4s23d104p2,Gray,,CAS7440-56-4,CID6326954,Semiconductor,2000,5e-4,NA,Diamagnetic,NA,NA,NA,-7.98e-6,2e-5,2e-5,0.0021,1.4e-4,6e-9,NA,1.25e-10,1.2e-10,NA,"Fm_
3m",225,Inf,Inf,,3P0,2.2,0.0011,NA,NA,-536,Gmelin93634,125893,1585,4,14,32,Metalloid
Arsenic,As,33,74.9216,5727,1090.15,887.15,Solid,1090,887,NA,NA,27.7,32.4,328,,NA,50,NA,5220,1.3082e-5,1440000000,3.5,1510000000,22000000000,NA,8000000000,NA,1.001552,NA,5,2.18,78,6.1,1558,RTECSCG0525000,,p,15,4,Metalloid,[Ar]4s23d104p3,Silver,,CAS7440-38-2,CID5359596,Conductor,3300000,3e-7,NA,Diamagnetic,NA,NA,NA,-2.23e-5,8e-7,NA,1.8e-4,2.1e-4,2.3e-7,5e-6,1.14e-10,1.19e-10,1.85e-10,"R_
3m",166,Inf,Inf,,4S3/2,4.2,0.002,NA,NA,NA,Gmelin16247,39810717,1.622,4,15,33,Metalloid
Selenium,Se,34,78.96,4819,494.15,958.15,Solid,494,958,27200000,1766,5.4,26,321.2,,NA,0.52,NA,3990,1.6387e-5,736000000,2,NA,8300000000.000001,3700000000,10000000000,0.33,1.000895,3350,6,2.55,195,6.1,2658,RTECSVS7700000,,p,16,4,Chalcogen,[Ar]4s23d104p4,Gray,,CAS7782-49-2,CID6326970,,NA,NA,NA,Diamagnetic,NA,NA,NA,-1.93e-5,3e-6,NA,0.0013,5e-6,4.5e-8,5e-6,1.0299999999999999e-10,1.2e-10,1.9e-10,P121/c1,14,Inf,Inf,,3P2,11.7,0.0056,NA,NA,NA,Gmelin8872,2511886,125.9,4,16,34,Chalcogen
Bromine,Br,35,79.904,3120,265.84999999999997,332.15,Liquid,265.8,332,10340000,588,5.8,14.8,947.3,,NA,0.12,NA,3120,2.561e-5,NA,NA,NA,1900000000,NA,NA,NA,1.001132,NA,5,2.96,324.6,8,1744,RTECSEF9100000,,p,17,4,Halogen,[Ar]4s23d104p5,Red,,CAS7726-95-6,CID24408,Insulator,1e-10,10000000000,NA,Diamagnetic,NA,NA,NA,-1.53e-5,7e-7,NA,1.2e-4,3e-4,0.0066,2.9e-4,9.4e-11,1.2e-10,1.85e-10,Cmca,64,Inf,Inf,,2P3/2,6.8,0.002,NA,NA,NA,Gmelin1182,630957344,1.995,4,17,35,Halogen
Krypton,Kr,36,83.798,3.75,115.78999999999996,119.92999999999998,Gas,115.79,119.93,5500000,209.41,1.64,9.02,248.05,5/3,NA,0.00943,NA,NA,0.02235,NA,NA,NA,NA,NA,NA,NA,1.000427,1120,2,3,0,2.2,1970,RTECSOC6772500,,p,18,4,Noble Gas,[Ar]4s23d104p6,Colorless,Monoatomic,CAS7439-90-9,CID5416,,NA,NA,NA,Diamagnetic,NA,NA,NA,-1.65e-8,4e-6,NA,NA,1.5e-8,2.1e-8,NA,8.7e-11,1.16e-10,2.02e-10,"Fm_
3m",225,Inf,Inf,,1S0,25,0.013,NA,NA,NA,Gmelin16201,398107,398.1,4,18,36,Noble Gas
Rubidium,Rb,37,85.4678,1532,312.46,961.15,Solid,312.46,961,16000000,2093,2.19,71,364,,NA,58,NA,1460,5.5788e-5,216000,0.3,NA,2500000000,NA,2400000000,NA,NA,1300,1,0.82,46.9,4.3,1423,RTECSVL8500000,,s,1,5,Alkali Metal,[Kr]5s1,Silver,,CAS7440-17-7,CID5357696,Conductor,8300000,1.2e-7,NA,Paramagnetic,NA,NA,NA,3.98e-6,1e-6,3e-6,3.2e-4,0.006,1.2e-5,4.6e-4,2.65e-10,2.2e-10,NA,"Im_
3m",229,Inf,Inf,,2S1/2,0.38,3e-4,NA,NA,NA,Gmelin16244,3981,39811,5,1,37,Alkali Metal
Strontium,Sr,38,87.62,2630,1050.15,1655.15,Solid,1050,1655,NA,NA,8,137,300,,NA,35,2.25e-5,2375,3.3316e-5,NA,1.5,NA,NA,6100000000,NA,0.28,NA,NA,2,0.95,5.03,4.2,1383,,,s,2,5,Alkaline Earth Metal,[Kr]5s2,Silver,,CAS7440-24-6,CID5359327,Conductor,7700000,1.3e-7,NA,Paramagnetic,NA,NA,NA,3.47e-6,4e-6,5e-6,8.6e-4,0.036,8e-4,4.6e-4,2.19e-10,1.95e-10,NA,"Fm_
3m",225,Inf,Inf,,1S0,1.2,5e-4,NA,NA,NA,Gmelin16302,398107171,6.31,5,2,38,Alkaline Earth Metal
Yttrium,Y,39,88.90585,4472,1799.15,3618.15,Solid,1799,3618,NA,NA,11.4,380,298,,NA,17,1.06e-5,4240,1.9881e-5,588000000,NA,NA,41000000000,26000000000,64000000000,0.24,NA,3300,3,1.22,29.6,4.1,3089,RTECSZG2980000,,d,3,5,Transition Metal,[Kr]5s24d1,Silver,,CAS7440-65-5,CID23993,Conductor,1800000,5.7e-7,1.3,Paramagnetic,NA,NA,NA,2.978e-4,7e-7,9.9e-7,1.9e-4,0.0029,1.3e-9,NA,2.12e-10,1.9e-10,NA,P63/mmc,194,Inf,Inf,,2D3/2,1.28,5.9e-4,NA,NA,NA,Gmelin16319,6309573,199.5,5,3,39,Transition Metal
Zirconium,Zr,40,91.224,6511,2128.15,4682.15,Solid,2128,4682,NA,NA,21,580,278,,NA,23,5.7e-6,5800,1.4011e-5,650000000,5,904000000,NA,33000000000,67000000000,0.34,NA,3800,4,1.33,41.1,4.2,2008,,,d,4,5,Transition Metal,[Kr]5s24d2,Silver,,CAS7440-67-7,CID23995,Conductor,2400000,4.2e-7,0.61,Paramagnetic,NA,NA,NA,1.09e-4,5e-6,4e-6,6.6e-4,0.013,2.6e-9,5e-6,2.0599999999999999e-10,1.75e-10,NA,P63/mmc,194,Inf,Inf,,3F2,0.184,6.6e-4,NA,NA,NA,Gmelin16322,794328235,3.162,5,4,40,Transition Metal
Niobium,Nb,41,92.90638,8570,2750.15,5017.15,Solid,2750,5017,NA,NA,26.8,690,265,,NA,54,7.3e-6,NA,1.0841e-5,736000000,6,1320000000,170000000000,38000000000,105000000000,0.4,NA,3480,5,1.6,86.1,NA,NA,RTECSQT9900000,Columbium,d,5,5,Transition Metal,[Kr]5s14d4,Gray,,CAS7440-03-1,CID23936,Conductor,6700000,1.5e-7,9.25,Paramagnetic,NA,NA,NA,2.37e-4,2e-7,4e-7,1.9e-5,0.0017,1e-10,NA,1.98e-10,1.64e-10,NA,"Im_
3m",229,Inf,Inf,,6D1/2,1.15,4e-4,NA,NA,NA,Gmelin16213,63095734,100,5,5,41,Transition Metal
Molybdenum,Mo,42,95.94,10280,2896.15,4912.15,Solid,2896,4912,NA,NA,36,600,251,,NA,139,4.8e-6,9330,9.334e-6,1500000000,5.5,1530000000,230000000000,20000000000,329000000000,0.31,NA,6190,6,2.16,71.9,4.1,3089,RTECSQA4680000,,d,6,5,Transition Metal,[Kr]5s14d5,Gray,,CAS7439-98-7,CID23932,Conductor,20000000,4.999999999997e-8,0.915,Paramagnetic,NA,NA,NA,1.203e-4,5e-7,9e-7,1.2e-4,1.1e-4,9.9e-7,1e-5,1.9e-10,1.5399999999999999e-10,NA,"Im_
3m",229,Inf,Inf,,7S3,2.6,9e-4,NA,NA,NA,Gmelin16205,251188643,31.62,5,6,42,Transition Metal
Technetium,Tc,43,98,11500,2430.15,4538.15,Solid,2430,4538,NA,NA,23,550,63,,NA,51,NA,NA,8.434782608696e-6,NA,NA,NA,NA,NA,NA,NA,NA,NA,6,1.9,53,NA,NA,,,d,7,5,Transition Metal,[Kr]5s24d5,Silver,,CAS7440-26-8,,Conductor,5000000,2e-7,7.7,Paramagnetic,NA,NA,NA,3.933e-4,NA,0,0,0,0,0,1.83e-10,1.47e-10,NA,P63/mmc,194,6658044393708.222,190024099441899.1,BetaDecay,6S5/2,22,NA,NA,NA,NA,NA,NA,NA,5,7,43,Transition Metal
Ruthenium,Ru,44,101.07,12370,2607.15,4423.15,Solid,2607,4423,NA,NA,25.7,580,238,,NA,120,6.4e-6,10650,8.1706e-6,2160000000,6.5,2298138766.667,220000000000,173000000000,447000000000,0.3,NA,5970,6,2.2,101.3,4.1,3089,,,d,8,5,Transition Metal,[Kr]5s14d7,Silver,,CAS7440-18-8,CID23950,Conductor,14000000,7.000000000002e-8,0.49,Paramagnetic,NA,NA,NA,6.7e-5,4e-7,5e-7,8.1e-5,1e-7,7e-11,NA,1.78e-10,1.4599999999999999e-10,NA,P63/mmc,194,Inf,Inf,,5F5,2.6,9e-4,NA,NA,NA,Gmelin16241,25119,5012,5,8,44,Transition Metal
Rhodium,Rh,45,102.9055,12450,2237.15,3968.15,Solid,2237,3968,NA,NA,21.7,495,240,,NA,150,8e-6,10700,8.2655e-6,1100000000,6,1246000000,380000000000,150000000000,275000000000,0.26,NA,4700,6,2.28,109.7,4.1,3089,RTECSVI9069000,,d,9,5,Transition Metal,[Kr]5s14d8,Silver,,CAS7440-16-6,CID23948,Conductor,23000000,4.300000000003e-8,NA,Paramagnetic,NA,NA,NA,1.693e-4,6e-8,2e-7,1.8e-5,7e-8,NA,NA,1.73e-10,1.42e-10,NA,"Fm_
3m",225,Inf,Inf,,4F9/2,145,0.063,NA,NA,NA,Gmelin16245,25119,50119,5,9,45,Transition Metal
Palladium,Pd,46,106.42,12023,1828.0500000000002,3236.15,Solid,1828.05,3236,NA,NA,16.7,380,240,,NA,71,1.18e-5,10380,8.8514e-6,37200000,4.75,461000000,180000000000,44000000000,121000000000,0.39,NA,3070,4,2.2,53.7,4.2,3200,RTECSRT3480500,,d,10,5,Transition Metal,[Kr]4d10,Silver,,CAS7440-05-3,CID23938,Conductor,10000000,1e-7,NA,Paramagnetic,NA,NA,NA,7.899e-4,2e-7,3e-7,6.5e-5,6.3e-7,NA,NA,1.6899999999999999e-10,1.3899999999999999e-10,1.63e-10,"Fm_
3m",225,Inf,Inf,,1S0,6.9,0.0023,NA,NA,NA,Gmelin16239,199526,19953,5,10,46,Transition Metal
Silver,Ag,47,107.8682,10490,1234.9299999999998,2435.15,Solid,1234.93,2435,NA,NA,11.3,255,235,,NA,430,1.89e-5,9320,1.0283e-5,24500000,2.5,251000000,100000000000,30000000000,85000000000,0.37,NA,2600,1,1.93,125.6,NA,NA,RTECSVW3500000,Argentum,d,11,5,Transition Metal,[Kr]5s14d10,Silver,,CAS7440-22-4,CID23954,Conductor,62000000,1.6e-8,NA,Diamagnetic,NA,NA,NA,-2.38e-5,6e-8,1e-7,1.4e-5,7.9e-6,1e-8,NA,1.65e-10,1.45e-10,1.72e-10,"Fm_
3m",225,Inf,Inf,,2S1/2,63.6,0.02,NA,NA,NA,Gmelin1253,25118864,1000,5,11,47,Transition Metal
Cadmium,Cd,48,112.411,8650,594.22,1040.15,Solid,594.22,1040,NA,NA,6.3,100,230,,NA,96,3.08e-5,7996,1.2996e-5,203000000,2,NA,42000000000,19000000000,50000000000,0.3,NA,2310,2,1.69,0,6.1,2570,RTECSEU9800000,,d,12,5,Transition Metal,[Kr]5s24d10,Silver,,CAS7440-43-9,CID23973,Conductor,14000000,7.000000000002e-8,0.517,Diamagnetic,NA,NA,NA,-1.99e-5,2e-7,6e-7,4.4e-5,1.5e-5,5e-9,7e-5,1.6099999999999999e-10,1.44e-10,1.58e-10,P63/mmc,194,Inf,Inf,,1S0,2450,1.4,523.15,NA,NA,Gmelin16276,19952623,2.512,5,12,48,Transition Metal
Indium,In,49,114.818,7310,429.75,2345.15,Solid,429.75,2345,NA,NA,3.26,230,233,,NA,82,3.21e-5,7020,1.5707e-5,8830000,1.2,NA,NA,NA,11000000000,NA,NA,1215,3,1.78,28.9,4.1,3089,RTECSNL1050000,,p,13,5,Poor Metal,[Kr]5s24d105p1,Silver,,CAS7440-74-6,CID5359967,Conductor,12000000,8.000000000001e-8,3.41,Diamagnetic,NA,NA,NA,-1.02e-5,3e-8,4e-7,4.4e-6,1.6e-5,1e-11,NA,1.56e-10,1.42e-10,1.93e-10,I4/mmm,139,Inf,Inf,,2P1/2,194,0.06,NA,NA,NA,Gmelin1081,501187,794.3,5,13,49,Poor Metal
Tin,Sn,50,118.71,7310,505.08,2875.15,Solid,505.08,2875,NA,NA,7,290,217,,NA,67,2.2e-5,6990,1.6239e-5,51000000,1.5,NA,58000000000,18000000000,50000000000,0.36,NA,2500,4,1.96,107.3,NA,NA,RTECSXP7320000,Stannum,p,14,5,Poor Metal,[Kr]5s24d105p2,Silver,,CAS7440-31-5,CID5352426,Conductor,9100000,1.1e-7,3.72,Diamagnetic,NA,NA,NA,-2.27e-5,4e-7,9e-7,1.2e-4,2.2e-4,9.9e-10,2e-5,1.45e-10,1.3899999999999999e-10,2.17e-10,I41/amd,141,Inf,Inf,,3P0,0.62,2e-4,903.15,NA,NA,Gmelin16300,251188643,19.95,5,14,50,Poor Metal
Antimony,Sb,51,121.76,6697,903.78,1860.15,Solid,903.78,1860,NA,NA,19.7,67,207,,NA,24,1.1e-5,6530,1.8181e-5,294000000,3,NA,42000000000,20000000000,55000000000,NA,NA,3420,5,2.05,103.2,NA,NA,RTECSCC4025000,Stibium,p,15,5,Metalloid,[Kr]5s24d105p3,Silver,,CAS7440-36-0,CID5354495,Conductor,2500000,4e-7,NA,Diamagnetic,NA,NA,NA,-7.3e-5,4e-8,1e-7,1.2e-5,2e-5,2e-8,NA,1.33e-10,1.3899999999999999e-10,NA,"R_
3m",166,Inf,Inf,,4S3/2,5.4,0.0016,NA,NA,NA,NA,158489319,15.85,5,15,51,Metalloid
Tellurium,Te,52,127.6,6240,722.66,1261.15,Solid,722.66,1261,NA,NA,17.5,48,201,,NA,3,NA,5700,2.0449e-5,180000000,2.25,NA,64000000000,16000000000,43000000000,NA,1.000991,2610,6,2.1,190.2,6.1,2811,RTECSWY2625000,,p,16,5,Chalcogen,[Kr]5s24d105p4,Silver,,CAS13494-80-9,CID6327182,Semiconductor,10000,1e-4,NA,Diamagnetic,NA,NA,NA,-2.43e-5,9e-7,NA,2.1e-4,1e-7,NA,NA,1.23e-10,1.38e-10,2.0599999999999999e-10,P3121,152,Inf,Inf,,3P2,5.4,0.0013,613.15,NA,NA,Gmelin1153,501187,316.2,5,16,52,Chalcogen
Iodine,I,53,126.90447,4940,386.84999999999997,457.45,Solid,386.85,457.4,11700000,819,7.76,20.9,429,,NA,0.449,NA,NA,2.5689e-5,NA,NA,NA,7700000000,NA,NA,NA,NA,NA,7,2.66,295.2,8,1759,RTECSNN1575000,,p,17,5,Halogen,[Kr]5s24d105p5,SlateGray,,CAS7553-56-2,CID807,Insulator,1e-7,10000000,NA,Diamagnetic,NA,NA,NA,-2.22e-5,1e-7,NA,2.5e-5,4.9e-5,6e-6,2e-5,1.15e-10,1.3899999999999999e-10,1.98e-10,Cmca,64,Inf,Inf,,2P3/2,6.3,0.0018,NA,NA,NA,Gmelin1160,31622777,25.12,5,17,53,Halogen
Xenon,Xe,54,131.293,5.9,161.34999999999997,165.14999999999998,Gas,161.3,165.1,5841000,289.77,2.3,12.64,158.32,5/3,NA,0.00565,NA,NA,0.0223,NA,NA,NA,NA,NA,NA,NA,1.000702,1090,6,2.6,0,2.2,2591,RTECSZE1280000,,p,18,5,Noble Gas,[Kr]5s24d105p6,Colorless,Monoatomic,CAS7440-63-3,CID23991,,NA,NA,NA,Diamagnetic,NA,NA,NA,-2.54e-8,1e-6,NA,NA,2e-9,5e-10,NA,1.08e-10,1.4e-10,2.16e-10,"Fm_
3m",225,Inf,Inf,,1S0,25,0.0083,NA,NA,NA,Gmelin1125,39811,2512,5,18,54,Noble Gas
Cesium,Cs,55,132.90545,1879,301.59,944.15,Solid,301.59,944,9400000,1938,2.09,64,242,,NA,36,NA,1843,7.0732e-5,140000,0.2,NA,1600000000,NA,1700000000,NA,NA,NA,1,0.79,45.5,4.3,1407,RTECSFK9225000,Caesium,s,1,6,Alkali Metal,[Xe]6s1,Silver,,CAS7440-46-2,CID5354618,Conductor,5000000,2e-7,NA,Paramagnetic,NA,NA,NA,5.26e-6,8e-8,8e-7,1.4e-5,1.9e-4,5e-8,2e-6,2.98e-10,2.44e-10,NA,"Im_
3m",229,Inf,Inf,,2S1/2,29,0.0077,NA,NA,NA,Gmelin15188,10000,NA,6,1,55,Alkali Metal
Barium,Ba,56,137.327,3510,1000.15,2143.15,Solid,1000,2143,NA,NA,8,140,205,,NA,18,2.06e-5,3338,3.9125e-5,NA,1.25,NA,9400000000,4900000000,13000000000,NA,NA,1620,2,0.89,13.95,4.3,1400,RTECSCQ8370000,,s,2,6,Alkaline Earth Metal,[Xe]6s2,Silver,,CAS7440-39-3,CID5355457,Conductor,2900000,3.5e-7,NA,Paramagnetic,NA,NA,NA,3.966e-5,1e-6,9.9e-7,2.7e-4,0.034,3e-6,3e-5,2.53e-10,2.15e-10,NA,"Im_
3m",229,Inf,Inf,,1S0,1.3,2.7e-4,NA,NA,NA,Gmelin16266,7943282347,NA,6,2,56,Alkaline Earth Metal
Lanthanum,La,57,138.9055,6146,1192.15,3737.15,Solid,1193,3737,NA,NA,6.3,400,195,,NA,13,1.21e-5,5940,2.2601e-5,363000000,2.5,491000000,28000000000,14000000000,37000000000,0.28,NA,2475,3,1.1,48,4.1,3178,,,f,,6,Lanthanide,[Xe]6s25d1,Silver,,CAS7439-91-0,CID23926,Conductor,1600000,6.1e-7,4.88,Paramagnetic,NA,NA,NA,6.761e-5,2e-7,2e-7,2.8e-5,0.0034,3.4e-10,NA,NA,2.0699999999999998e-10,NA,P63/mmc,194,Inf,Inf,,2D3/2,8.98,0.0023,NA,NA,NA,NA,31622777,100,8.5,4,57,Lanthanide
Cerium,Ce,58,140.116,6689,1071.15,3633.15,Solid,1071,3633,NA,NA,5.5,350,192,,12.5,11,6.3e-6,6550,2.0947e-5,412000000,2.5,270000000,22000000000,14000000000,34000000000,0.24,NA,2100,4,1.12,50,4.1,1333,,,f,,6,Lanthanide,[Xe]6s24f15d1,Silver,,CAS7440-45-1,CID23974,Conductor,1400000,7.5e-7,0.022,Paramagnetic,NA,NA,NA,0.0014716,1e-6,4e-7,7.5e-5,0.006,1.2e-10,NA,NA,2.04e-10,NA,P63/mmc,194,Inf,Inf,,1G4,0.6,2.1e-4,NA,NA,NA,Gmelin16275,39810717,100,8.5,5,58,Lanthanide
Praseodymium,Pr,59,140.90765,6640,1204.15,3563.15,Solid,1204,3563,NA,NA,6.9,330,193,,NA,13,6.7e-6,6500,2.1221e-5,481000000,1.41,400000000,29000000000,15000000000,37000000000,0.28,NA,2280,4,1.13,50,NA,NA,,,f,,6,Lanthanide,[Xe]6s24f3,Silver,,CAS7440-10-0,CID23942,Conductor,1400000,7e-7,NA,Paramagnetic,NA,NA,NA,0.0028087,2e-7,1e-7,9.9e-6,8.6e-4,6e-11,NA,2.47e-10,2.03e-10,NA,P63/mmc,194,Inf,Inf,,4I9/2,11.4,0.0029,NA,NA,NA,Gmelin16238,5011872,316.2,8.5,6,59,Lanthanide
Neodymium,Nd,60,144.24,7010,1294.15,3373.15,Solid,1294,3373,NA,NA,7.1,285,190,,19.2,17,9.6e-6,6890,2.0577e-5,265000000,1.23,343000000,32000000000,16000000000,41000000000,0.28,NA,2330,3,1.14,50,NA,NA,RTECSQO8575000,,f,,6,Lanthanide,[Xe]6s24f4,Silver,,CAS7440-00-8,CID23934,Conductor,1600000,6.4e-7,NA,Paramagnetic,NA,NA,NA,0.0033648,1e-6,3e-7,5e-5,0.0033,2.8e-10,NA,2.0599999999999999e-10,2.01e-10,NA,P63/mmc,194,Inf,Inf,,5I4,49,0.011,NA,NA,NA,Gmelin16212,19952623,316.2,8.5,7,60,Lanthanide
Promethium,Pm,61,145,7264,1373.15,3273.15,Solid,1373,3273,NA,NA,7.7,290,NA,,NA,15,1.1e-5,NA,1.996145374449e-5,NA,NA,NA,33000000000,18000000000,46000000000,0.28,NA,NA,3,NA,50,NA,NA,,,f,,6,Lanthanide,[Xe]6s24f5,Silver,,CAS7440-12-2,,Conductor,1300000,7.5e-7,NA,,NA,NA,NA,NA,NA,0,0,0,0,0,2.05e-10,1.9899999999999998e-10,NA,,NA,559070903.0947368,806102232.3692214,ElectronCapture,6H5/2,8400,NA,NA,NA,NA,NA,NA,NA,8.5,8,61,Lanthanide
Samarium,Sm,62,150.36,7353,1345.15,2076.15,Solid,1345,2076,NA,NA,8.5,175,196,,106,13,1.27e-5,7160,2.0449e-5,441000000,1.44,412000000,38000000000,20000000000,50000000000,0.27,NA,2130,3,1.17,50,4.1,1325,,,f,,6,Lanthanide,[Xe]6s24f6,Silver,,CAS7440-19-9,CID23951,Conductor,1100000,9.4e-7,NA,Paramagnetic,NA,NA,NA,8.1618e-4,5e-7,1e-7,1.7e-5,6e-4,4.5e-11,NA,2.38e-10,1.98e-10,NA,"R_
3m",166,Inf,Inf,,7F0,5900,4.7,423.15,NA,NA,Gmelin16301,2511886,158.5,8.5,9,62,Lanthanide
Europium,Eu,63,151.964,5244,1095.15,1800.15,Solid,1095,1800,NA,NA,9.3,175,182,,90.5,14,3.5e-5,5130,2.8979e-5,NA,3.07,167000000,8300000000.000001,7900000000,18000000000,0.15,NA,NA,3,NA,50,NA,NA,,,f,,6,Lanthanide,[Xe]6s24f7,Silver,,CAS7440-53-1,CID23981,Conductor,1100000,9e-7,1.8,Paramagnetic,NA,NA,NA,0.0014473,5e-8,5e-8,5.9e-6,1.8e-4,1.3e-11,NA,2.31e-10,1.98e-10,NA,"Im_
3m",229,Inf,Inf,,8S7/2,4570,0.6,NA,NA,NA,Gmelin15985,398107,6310,8.5,10,63,Lanthanide
Gadolinium,Gd,64,157.25,7901,1586.15,3523.15,Solid,1586,3523,NA,NA,10,305,240,,NA,11,9.4e-6,7400,1.9903e-5,NA,5.13,570000000,38000000000,22000000000,55000000000,0.26,NA,2680,3,1.2,50,NA,NA,RTECSLW3850000,,f,,6,Lanthanide,[Xe]6s24f75d1,Silver,,CAS7440-54-2,CID23982,Conductor,770000,1.3e-6,NA,Ferromagnetic,292,NA,NA,NA,2e-7,2e-7,2.3e-5,5.2e-4,7e-11,NA,2.3299999999999997e-10,1.96e-10,NA,P63/mmc,194,Inf,Inf,,9D2,49000,7.3,NA,NA,NA,Gmelin16286,1995262,199.5,8.5,11,64,Lanthanide
Terbium,Tb,65,158.92534,8219,1629.15,3503.15,Solid,1629,3503,NA,NA,10.8,295,182,,230,11,1.03e-5,7650,1.9336e-5,677000000,2.33,863000000,38700000000,22000000000,56000000000,0.26,NA,2620,3,NA,50,NA,NA,,,f,,6,Lanthanide,[Xe]6s24f9,Silver,,CAS7440-27-9,CID23958,Conductor,830000,1.2e-6,NA,Paramagnetic,222,NA,NA,0.1117784,5e-8,1e-8,3.9e-6,9.3e-5,1.4e-11,NA,2.25e-10,1.94e-10,NA,P63/mmc,194,Inf,Inf,,6H15/2,23,0.009,NA,NA,NA,Gmelin16311,199526,5012,8.5,12,65,Lanthanide
Dysprosium,Dy,66,162.5,8551,1685.15,2840.15,Solid,1685,2840,NA,NA,11.1,280,167,,178,11,1e-5,8370,1.9004e-5,500000000,1.8,540000000,41000000000,25000000000,61000000000,0.25,NA,2710,3,1.22,50,NA,NA,,,f,,6,Lanthanide,[Xe]6s24f10,Silver,,CAS7429-91-6,CID23912,Conductor,1100000,9.1e-7,NA,Paramagnetic,87,NA,NA,0.046603,2e-7,2e-7,2.7e-5,6.2e-4,9.1e-11,NA,2.28e-10,1.92e-10,NA,P63/mmc,194,Inf,Inf,,5I8,950,0.2,NA,NA,NA,Gmelin16278,1000000,2512,8.5,13,66,Lanthanide
Holmium,Ho,67,164.93032,8795,1747.15,2973.15,Solid,1747,2973,NA,NA,17,265,165,,132,16,1.12e-5,8340,1.8753e-5,746000000,1.65,481000000,40000000000,26000000000,64000000000,0.23,NA,2760,3,1.23,50,4.1,3089,,,f,,6,Lanthanide,[Xe]6s24f11,Silver,,CAS7440-60-0,CID23988,Conductor,1100000,9.4e-7,NA,Paramagnetic,20,NA,NA,0.0482845,5e-8,0,5.9e-6,1.2e-4,2.2e-11,NA,2.26e-10,1.92e-10,NA,P63/mmc,194,Inf,Inf,,4I15/2,64,0.015,NA,NA,NA,Gmelin16291,251189,3162,8.5,14,67,Lanthanide
Erbium,Er,68,167.259,9066,1770.15,3141.15,Solid,1770,3141,NA,NA,19.9,285,168,,82,15,1.22e-5,8860,1.8449e-5,814000000,1.97,588000000,44000000000,28000000000,70000000000,0.24,NA,2830,3,1.24,50,NA,NA,,,f,,6,Lanthanide,[Xe]6s24f12,Silver,,CAS7440-52-0,CID23980,Conductor,1200000,8.6e-7,NA,Paramagnetic,32,NA,NA,0.0341788,2e-7,1e-7,1.8e-5,3e-4,9e-11,NA,2.26e-10,1.89e-10,NA,P63/mmc,194,Inf,Inf,,3H6,165,0.036,NA,NA,NA,Gmelin16280,630957,316.2,8.5,15,68,Lanthanide
Thulium,Tm,69,168.93421,9320,1818.15,2223.15,Solid,1818,2223,NA,NA,16.8,250,160,,56,17,1.33e-5,8560,1.8126e-5,471000000,1.77,520000000,45000000000,31000000000,74000000000,0.21,NA,NA,3,1.25,50,4.1,3089,,,f,,6,Lanthanide,[Xe]6s24f13,Silver,,CAS7440-30-4,CID23961,Conductor,1400000,7e-7,NA,Paramagnetic,25,NA,NA,0.0185488,1e-8,2e-8,2.9e-6,4.5e-5,2e-11,NA,2.2199999999999998e-10,1.9e-10,NA,P63/mmc,194,Inf,Inf,,2F7/2,105,0.025,NA,NA,NA,Gmelin16307,125893,10000,8.5,16,69,Lanthanide
Ytterbium,Yb,70,173.04,6570,1092.15,1469.15,Solid,1092,1469,NA,NA,7.7,160,154,,NA,39,2.63e-5,6210,2.6339e-5,343000000,NA,206000000,31000000000,10000000000,24000000000,0.21,NA,1590,3,NA,50,NA,NA,RTECSZG1925000,,f,,6,Lanthanide,[Xe]6s24f14,Silver,,CAS7440-64-4,CID23992,Conductor,3600000,2.8e-7,NA,Paramagnetic,NA,NA,NA,3.88e-5,2e-7,1e-7,1.8e-5,2.8e-4,8e-11,NA,2.2199999999999998e-10,1.87e-10,NA,"Fm_
3m",225,Inf,Inf,,1S0,35,0.0076,NA,NA,NA,Gmelin16014,501187,501.2,8.5,17,70,Lanthanide
Lutetium,Lu,71,174.967,9841,1936.15,3675.15,Solid,1936,3675,NA,NA,22,415,154,,NA,16,1e-5,9300,1.7779e-5,893000000,2.6,1160000000,48000000000,27000000000,67000000000,0.26,NA,NA,3,1.27,50,4.1,3089,,,d,3,6,Transition Metal,[Xe]6s24f145d1,Silver,,CAS7439-94-3,CID23929,Conductor,1800000,5.7e-7,0.1,Paramagnetic,NA,NA,NA,1.18e-5,1e-8,1e-7,2.9e-6,5.7e-5,1.5e-11,NA,2.17e-10,1.87e-10,NA,P63/mmc,194,Inf,Inf,,2D3/2,85,0.022,NA,NA,NA,Gmelin16202,100000,10000,8.5,18,71,Lanthanide
Hafnium,Hf,72,178.49,13310,2506.15,4876.15,Solid,2506,4876,NA,NA,25.5,630,144,,NA,23,5.9e-6,12000,1.34102e-5,1700000000,5.5,1760000000,110000000000,30000000000,78000000000,0.37,NA,3010,4,1.3,0,4.2,2545,RTECSMG4600000,,d,4,6,Transition Metal,[Xe]6s24f145d2,Gray,,CAS7440-58-6,CID23986,Conductor,3300000,3e-7,0.128,Paramagnetic,NA,NA,NA,7.05e-5,7e-8,1e-7,1.7e-5,3.3e-4,8e-10,NA,2.08e-10,1.75e-10,NA,P63/mmc,194,Inf,Inf,,3F2,104,0.02,NA,NA,NA,Gmelin16293,79433,631,6,4,72,Transition Metal
Tantalum,Ta,73,180.9479,16650,3290.15,5731.15,Solid,3290,5731,NA,NA,36,736,140,,NA,57,6.3e-6,15000,1.08677e-5,800000000,6.5,873000000,200000000000,67000000000,186000000000,0.34,NA,3400,5,1.5,31,4.1,3089,RTECSWW5505000,,d,5,6,Transition Metal,[Xe]6s24f145d3,Gray,,CAS7440-25-7,CID23956,Conductor,7700000,1.3e-7,4.47,Paramagnetic,NA,NA,NA,1.782e-4,8e-9,NA,2e-6,1.7e-4,2e-10,NA,2e-10,1.7e-10,NA,"Im_
3m",229,Inf,Inf,,4F3/2,20.5,0.0041,NA,NA,NA,Gmelin16312,1000000,501.2,6,5,73,Transition Metal
Tungsten,W,74,183.84,19250,3695.15,5828.15,Solid,3695,5828,NA,NA,35,800,132,,NA,170,4.5e-6,17600,9.5501e-6,2570000000,7.5,3430000000,310000000000,161000000000,411000000000,0.28,NA,5174,6,2.36,78.6,4.1,3089,RTECSYO7175000,Wolfram,d,6,6,Transition Metal,[Xe]6s24f145d4,Gray,,CAS7440-33-7,CID23964,Conductor,20000000,4.999999999997e-8,0.015,Paramagnetic,NA,NA,NA,8.84e-5,5e-8,4e-7,1.2e-5,1.1e-4,1.2e-8,NA,1.93e-10,1.62e-10,NA,"Im_
3m",229,Inf,Inf,,5D0,18.4,0.0036,NA,NA,NA,Gmelin16317,63095734,631,6,6,74,Transition Metal
Rhenium,Re,75,186.207,21020,3459.15,5869.15,Solid,3459,5869,NA,NA,33,705,137,,NA,48,6.2e-6,18900,8.85856e-6,1320000000,7,2450000000,370000000000,178000000000,463000000000,0.3,NA,4700,7,1.9,14.5,NA,NA,RTECSVI0780000,,d,7,6,Transition Metal,[Xe]6s24f145d5,Gray,,CAS7440-15-5,CID23947,Conductor,5600000,1.8e-7,1.7,Paramagnetic,NA,NA,NA,9.59e-5,2e-8,1e-8,4.9e-6,2.6e-7,1e-10,NA,1.88e-10,1.51e-10,NA,P63/mmc,194,Inf,Inf,,6S5/2,90,0.016,NA,NA,NA,Gmelin16243,50119,3162,6,7,75,Transition Metal
Osmium,Os,76,190.23,22590,3306.15,5285.15,Solid,3306,5285,NA,NA,31,630,130,,NA,87,5.1e-6,20000,8.421e-6,3920000000,7,4137063913.4149995,NA,222000000000,NA,0.25,NA,4940,6,2.2,106.1,4.1,3089,RTECSRN1100000,,d,8,6,Transition Metal,[Xe]6s24f145d6,SlateGray,,CAS7440-04-2,CID23937,Conductor,12000000,8.000000000001e-8,0.66,Paramagnetic,NA,NA,NA,1.4e-5,3e-7,2e-7,6.5e-5,1.8e-7,NA,NA,1.85e-10,1.44e-10,NA,P63/mmc,194,Inf,Inf,,5D4,15,0.0023,NA,NA,NA,Gmelin16234,5012,31623,6,8,76,Transition Metal
Iridium,Ir,77,192.217,22560,2739.15,4701.15,Solid,2739,4701,NA,NA,26,560,131,,NA,150,6.4e-6,19000,8.5203e-6,1670000000,6.5,1760000000,320000000000,210000000000,528000000000,0.26,NA,4825,6,2.2,151,4.1,3089,,,d,9,6,Transition Metal,[Xe]6s24f145d7,Silver,,CAS7439-88-5,CID23924,Conductor,21000000,4.699999999998e-8,0.11,Paramagnetic,NA,NA,NA,3.77e-5,2e-7,2e-7,5.4e-5,4e-8,NA,NA,1.8e-10,1.41e-10,NA,"Fm_
3m",225,Inf,Inf,,4F9/2,425,0.081,NA,NA,NA,Gmelin16298,7700,203000,6,9,77,Transition Metal
Platinum,Pt,78,195.078,21450,2041.4499999999998,4098.15,Solid,2041.4,4098,NA,NA,20,490,133,,NA,71,8.9e-6,19770,9.0948e-6,392000000,3.5,549000000,230000000000,61000000000,168000000000,0.38,NA,2680,6,2.28,205.3,4.1,3089,RTECSTP2160000,,d,10,6,Transition Metal,[Xe]6s14f145d9,Gray,,CAS7440-06-4,CID23939,Conductor,9400000,1.1e-7,NA,Paramagnetic,NA,NA,NA,2.573e-4,5e-7,9e-7,9.8e-5,3.7e-6,NA,NA,1.77e-10,1.36e-10,1.75e-10,"Fm_
3m",225,Inf,Inf,,3D3,10,0.002,NA,NA,NA,Gmelin79607,200000,30000,6,10,78,Transition Metal
Gold,Au,79,196.96655,19300,1337.33,3129.15,Solid,1337.33,3129,NA,NA,12.5,330,129.1,,NA,320,1.42e-5,17310,1.021e-5,2450000000,2.5,216000000,220000000000,27000000000,78000000000,0.44,NA,1740,5,2.54,222.8,NA,NA,RTECSMD5070000,Aurum,d,11,6,Transition Metal,[Xe]6s14f145d10,Gold,,CAS7440-57-5,CID23985,Conductor,45000000,2.2e-8,NA,Diamagnetic,NA,NA,NA,-3.44e-5,6e-8,1e-7,1.7e-5,3.1e-7,5e-9,1e-5,1.74e-10,1.36e-10,1.66e-10,"Fm_
3m",225,Inf,Inf,,2S1/2,98.7,0.017,NA,NA,NA,Gmelin16246,2511886,50119,6,11,79,Transition Metal
Mercury,Hg,80,200.59,13534,234.32,629.88,Liquid,234.32,629.88,172000000,1750,2.29,59.2,139.5,,NA,8.3,1.81e-4,13534,1.48213e-5,NA,NA,NA,25000000000,NA,NA,NA,1.000933,1407,2,2,0,8,2809,RTECSOV4550000,Hydrargyrum,d,12,6,Transition Metal,[Xe]6s24f145d10,Silver,,CAS7439-97-6,CID23931,Conductor,1000000,9.6e-7,4.154,Diamagnetic,NA,NA,NA,-2.84e-5,1e-7,2e-6,2.5e-5,6.7e-6,5e-9,NA,1.71e-10,1.32e-10,1.55e-10,"R_
3m",166,Inf,Inf,,1S0,374,0.063,NA,NA,NA,Gmelin1623,1995262,50.12,6,12,80,Transition Metal
Thallium,Tl,81,204.3833,11850,577.15,1746.15,Solid,577,1746,NA,NA,4.2,165,129,,NA,46,2.99e-5,11220,1.72473e-5,26400000,1.2,NA,43000000000,2800000000,8000000000,0.45,NA,818,3,1.62,19.2,NA,1707,RTECSXG3425000,,p,13,6,Poor Metal,[Xe]6s24f145d106p1,Silver,,CAS7440-28-0,CID5359464,Conductor,6700000,1.5e-7,2.38,Diamagnetic,NA,NA,NA,-3.56e-5,5e-8,1e-7,7.9e-6,5.4e-5,1e-10,NA,1.56e-10,1.45e-10,1.96e-10,P63/mmc,194,Inf,Inf,,2P1/2,3.4,5.9e-4,NA,NA,NA,Gmelin16308,10000,NA,6,13,81,Poor Metal
Lead,Pb,82,207.2,11340,600.6099999999999,2022.15,Solid,600.61,2022,NA,NA,4.77,178,127,,NA,35,2.89e-5,10660,1.8272e-5,38300000,1.5,NA,46000000000,5600000000,16000000000,0.44,NA,1260,4,2.33,35.1,NA,3077,RTECSOF7525000,Plumbum,p,14,6,Poor Metal,[Xe]6s24f145d106p2,SlateGray,,CAS7439-92-1,CID5352425,Conductor,4800000,2.1e-7,7.2,Diamagnetic,NA,NA,NA,-1.7e-5,1e-6,9.9e-7,1.4e-4,0.001,3e-9,1.7e-4,1.5399999999999999e-10,1.4599999999999999e-10,2.02e-10,"Fm_
3m",225,Inf,Inf,,3P0,0.171,3e-5,NA,NA,NA,Gmelin16240,3981071706,1.905,6,14,82,Poor Metal
Bismuth,Bi,83,208.98038,9780,544.45,1837.15,Solid,544.4,1837,NA,NA,10.9,160,122,,NA,8,1.34e-5,10050,2.1368e-5,94200000,2.25,NA,31000000000,12000000000,32000000000,0.33,NA,1790,5,2.02,91.2,6.1,3080,RTECSEB2600000,,p,15,6,Poor Metal,[Xe]6s24f145d106p3,Gray,,CAS7440-69-9,CID5359367,Conductor,770000,1.3e-6,NA,Diamagnetic,NA,NA,NA,-1.7e-4,7e-8,9.9e-7,6.9e-6,2.5e-6,2e-9,NA,1.43e-10,1.48e-10,NA,C12/m1,12,6000761035008004e11,8701103500762552e11,AlphaEmission,4S3/2,0.034,6e-6,NA,NA,NA,Gmelin16267,6309573,31.62,6,15,83,Poor Metal
Polonium,Po,84,209,9196,527.15,1235.15,Solid,527,1235,NA,NA,13,100,NA,,NA,NA,NA,NA,2.272727272727e-5,NA,NA,NA,NA,NA,NA,NA,NA,NA,6,2,183.3,NA,NA,,,p,16,6,Chalcogen,[Xe]6s24f145d106p4,Silver,,CAS7440-08-6,,Conductor,2300000,4.3e-7,NA,,NA,NA,NA,NA,NA,NA,NA,NA,2e-18,0,1.35e-10,1.4e-10,NA,Pm-3m,221,3220408422.120058,4640588533.740237,AlphaEmission,3P2,0.5,NA,NA,NA,NA,NA,NA,NA,6,16,84,Chalcogen
Astatine,At,85,210,NA,575.15,NA,Solid,575,NA,NA,NA,6,40,NA,,NA,2,NA,NA,NA,NA,NA,NA,NA,NA,NA,NA,NA,NA,7,2.2,270.1,NA,NA,,,p,17,6,Halogen,[Xe]6s24f145d106p5,Silver,,CAS7440-68-8,,,NA,NA,NA,,NA,NA,NA,NA,NA,NA,0,0,0,0,1.27e-10,1.5e-10,NA,,NA,29000.000000001597,42000.000000012,BetaPlusDecay,2P3/2,NA,NA,NA,NA,NA,NA,NA,NA,6,17,85,Halogen
Radon,Rn,86,222,9.73,202.14999999999998,211.45,Gas,202,211.3,6280000,377,3,17,93.65,5/3,NA,0.00361,NA,NA,0.02281603288798,NA,NA,NA,NA,NA,NA,NA,NA,NA,6,NA,0,7,2912,RTECSVE3750000,,p,18,6,Noble Gas,[Xe]6s24f145d106p6,Colorless,Monoatomic,CAS10043-92-2,CID24857,,NA,NA,NA,,NA,NA,NA,NA,NA,NA,NA,NA,6e-20,NA,1.2e-10,1.5e-10,NA,,NA,330349.999999968,476590.0000000032,AlphaEmission,1S0,0.7,NA,NA,NA,NA,Gmelin16242,NA,NA,6,18,86,Noble Gas
Francium,Fr,87,223,NA,NA,NA,Solid,NA,NA,NA,NA,2,64,NA,,NA,NA,NA,NA,NA,NA,NA,NA,NA,NA,NA,NA,NA,NA,1,0.7,NA,NA,NA,,,s,1,7,Alkali Metal,[Rn]7s1,Silver,,CAS7440-73-5,,,NA,NA,NA,,NA,NA,NA,NA,NA,NA,NA,NA,NA,0,NA,2.6e-10,NA,,NA,1300.0000000002,1900.0000000002,BetaDecay,2S1/2,NA,NA,NA,NA,NA,NA,NA,NA,7,1,87,Alkali Metal
Radium,Ra,88,226,5000,973.15,2010.15,Solid,973,2010,NA,NA,8,125,92,,NA,19,NA,NA,4.52e-5,NA,NA,NA,NA,NA,NA,NA,NA,NA,2,0.9,NA,NA,NA,,,s,2,7,Alkaline Earth Metal,[Rn]7s2,Silver,,CAS7440-14-4,CID6328144,Conductor,1000000,1e-6,NA,,NA,NA,NA,NA,NA,NA,NA,1e-11,1e-15,1e-13,NA,2.2099999999999999e-10,NA,"Im_
3m",229,50006341958.38952,73009259259.26509,AlphaEmission,1S0,13,NA,NA,NA,NA,Gmelin40437,NA,NA,7,2,88,Alkaline Earth Metal
Actinium,Ac,89,227,10070,1323.15,3473.15,Solid,1323,3473,NA,NA,14,400,120,,NA,12,NA,NA,2.254220456802e-5,NA,NA,NA,NA,NA,NA,NA,NA,NA,3,1.1,NA,NA,NA,,,f,,7,Actinide,[Rn]7s26d1,Silver,,CAS7440-34-8,,,NA,NA,NA,,NA,NA,NA,NA,NA,0,NA,NA,NA,0,NA,2.15e-10,NA,"Fm_
3m",225,687147146.1188698,991335724.2517343,BetaDecay,2D3/2,880,0.078,NA,NA,NA,NA,NA,NA,9.5,4,89,Actinide
Thorium,Th,90,232.0381,11724,2023.15,5093.15,Solid,2023,5093,NA,NA,16,530,118,,NA,54,1.1e-5,NA,1.97917e-5,400000000,3,350000000,54000000000,31000000000,79000000000,0.27,NA,2490,4,1.3,NA,7,2975,RTECSXO6400000,,f,,7,Actinide,[Rn]7s26d2,Silver,,CAS7440-29-1,CID23960,Conductor,6700000,1.5e-7,1.38,Paramagnetic,NA,NA,NA,8.4e-5,4e-8,3e-8,3.9e-6,6e-4,4e-12,0,NA,2.0599999999999999e-10,NA,"Fm_
3m",225,443456240487024e3,639781139015595400,AlphaEmission,3F2,7.4,0.001,403.15,NA,NA,Gmelin16314,NA,79.43,9.5,5,90,Actinide
Protactinium,Pa,91,231.03588,15370,1845.15,4273.15,Solid,1845,4273,NA,NA,15,470,99.1,,NA,47,NA,NA,1.50316e-5,NA,NA,NA,NA,NA,NA,NA,NA,NA,5,1.5,NA,NA,NA,,,f,,7,Actinide,[Rn]7s25f26d1,Silver,,CAS7440-13-3,,Conductor,5600000,1.8e-7,1.41,Paramagnetic,NA,NA,NA,4.995e-4,NA,NA,NA,9.9e-13,2e-23,0,NA,2e-10,NA,I4/mmm,139,1034131151699.5635,1491189117199.2964,AlphaEmission,4K11/2,200,NA,NA,NA,NA,NA,NA,NA,9.5,6,91,Actinide
Uranium,U,92,238.02891,19050,1408.15,4200.15,Solid,1408,4200,NA,NA,14,420,116,,NA,27,1.39e-5,17300,1.2495e-5,2400000000,6,1960000000,100000000000,111000000000,208000000000,0.23,NA,3155,6,1.38,NA,7,2979,RTECSYR3490000,,f,,7,Actinide,[Rn]7s25f36d1,Silver,,CAS7440-61-1,CID23989,Conductor,3600000,2.8e-7,0.69,Paramagnetic,NA,NA,NA,4.11e-4,2e-8,1e-7,9.8e-7,1.8e-4,3.3e-7,1e-7,NA,1.96e-10,1.86e-10,Cmcm,63,141017884322684960,203425799086766900,AlphaEmission,5L6,7.57,5e-4,NA,NA,NA,Gmelin16315,50118723,100,9.5,7,92,Actinide
Neptunium,Np,93,237,20450,917.15,4273.15,Solid,917,4273,NA,NA,10,335,NA,,NA,6,NA,NA,1.158924205379e-5,NA,NA,NA,NA,NA,NA,NA,NA,NA,6,1.36,NA,NA,NA,,,f,,7,Actinide,[Rn]7s25f46d1,Silver,,CAS7439-99-8,,Conductor,830000,1.2e-6,NA,,NA,NA,NA,NA,NA,0,0,0,0,0,NA,1.9e-10,NA,Pnma,62,67668581938117.88,97622380771173.9,AlphaEmission,6L11/2,180,NA,NA,NA,NA,NA,NA,NA,9.5,8,93,Actinide
Plutonium,Pu,94,244,19816,913.15,3503.15,Solid,913,3503,NA,NA,NA,325,NA,,NA,6,NA,16630,1.231328219621e-5,NA,NA,NA,NA,43000000000,96000000000,0.21,NA,2260,6,1.28,NA,NA,NA,,,f,,7,Actinide,[Rn]7s25f6,Silver,,CAS7440-07-5,CID23940,Conductor,670000,1.5e-6,NA,Paramagnetic,NA,NA,NA,6.282e-4,NA,0,0,0,0,0,NA,1.87e-10,NA,P121/m1,11,2500317097919791.5,3600456621006064,AlphaEmission,7F0,1.7,NA,NA,NA,NA,Gmelin40432,NA,NA,9.5,9,94,Actinide
Americium,Am,95,243,13670,1449.15,2284.15,Solid,1449,2284,NA,NA,NA,NA,NA,,NA,10,NA,NA,1.777615215801e-5,NA,NA,NA,NA,NA,NA,NA,NA,NA,4,1.3,NA,NA,NA,,,f,,7,Actinide,[Rn]7s25f7,Silver,,CAS7440-35-9,,,NA,NA,0.6,Paramagnetic,NA,NA,NA,7.04e-4,NA,0,0,0,0,0,NA,1.8e-10,NA,P63/mmc,194,233029553526.12418,336042617960.2716,AlphaEmission,8S7/2,74,NA,NA,NA,NA,NA,NA,NA,9.5,10,95,Actinide
Curium,Cm,96,247,13510,1618.15,3383.15,Solid,1618,3383,NA,NA,NA,NA,NA,,NA,NA,NA,NA,1.828275351591e-5,NA,NA,NA,NA,NA,NA,NA,NA,NA,4,1.3,NA,NA,NA,,,f,,7,Actinide,[Rn]7s25f76d1,Silver,,CAS7440-51-9,,,NA,NA,NA,,NA,NA,NA,NA,NA,0,0,0,0,0,NA,1.6899999999999999e-10,NA,P63/mmc,194,492062404870555.4,710090055809143.75,AlphaEmission,9D2,60,NA,NA,NA,NA,NA,NA,NA,9.5,11,96,Actinide
Berkelium,Bk,97,247,14780,1323.15,NA,Solid,1323,NA,NA,NA,NA,NA,NA,,NA,10,NA,NA,1.671177266576e-5,NA,NA,NA,NA,NA,NA,NA,NA,NA,4,1.3,NA,NA,NA,,,f,,7,Actinide,[Rn]7s25f9,,,CAS7440-40-6,CID23971,,NA,NA,NA,,NA,NA,NA,NA,NA,0,0,0,0,0,NA,NA,NA,P63/mmc,194,43505517503.81276,62807965499.7332,AlphaEmission,6H15/2,710,NA,NA,NA,NA,NA,NA,NA,9.5,12,97,Actinide
Californium,Cf,98,251,15100,1173.15,NA,Solid,1173,NA,NA,NA,NA,NA,NA,,NA,NA,NA,NA,1.662251655629e-5,NA,NA,NA,NA,NA,NA,NA,NA,NA,4,1.3,NA,NA,NA,,,f,,7,Actinide,[Rn]7s25f10,,,CAS7440-71-3,,,NA,NA,NA,,NA,NA,NA,NA,NA,0,0,0,0,0,NA,NA,NA,P63/mmc,194,28403602232.368904,41005200405.87436,AlphaEmission,5I8,2900,NA,NA,NA,NA,NA,NA,NA,9.5,13,98,Actinide
Einsteinium,Es,99,252,NA,1133.15,NA,Solid,1133,NA,NA,NA,NA,NA,NA,,NA,NA,NA,NA,NA,NA,NA,NA,NA,NA,NA,NA,NA,NA,4,1.3,NA,NA,NA,,,f,,7,Actinide,[Rn]7s25f11,,,CAS7429-92-7,,,NA,NA,NA,,NA,NA,NA,NA,NA,0,0,0,0,0,NA,NA,NA,,NA,40755168.69608052,58807458.1430633,AlphaEmission,5I15/2,160,NA,NA,NA,NA,NA,NA,NA,9.5,14,99,Actinide
Fermium,Fm,100,257,NA,1800.15,NA,,1800,NA,NA,NA,NA,NA,NA,,NA,NA,NA,NA,NA,NA,NA,NA,NA,NA,NA,NA,NA,NA,3,1.3,NA,NA,NA,,,f,,7,Actinide,[Rn]7s25f12,,,CAS7440-72-4,,,NA,NA,NA,,NA,NA,NA,NA,NA,0,0,0,0,0,NA,NA,NA,,NA,8683000.00000128,12529999.99999584,AlphaEmission,3H6,5800,NA,NA,NA,NA,NA,NA,NA,9.5,15,100,Actinide
Mendelevium,Md,101,258,NA,1101.15,NA,,1100,NA,NA,NA,NA,NA,NA,,NA,NA,NA,NA,NA,NA,NA,NA,NA,NA,NA,NA,NA,NA,3,1.3,NA,NA,NA,,,f,,7,Actinide,[Rn]7s25f13,,,CAS7440-11-1,,,NA,NA,NA,,NA,NA,NA,NA,NA,0,0,0,0,0,NA,NA,NA,,NA,4450000.000000033,6420000.000000385,AlphaEmission,2F7/2,NA,NA,NA,NA,NA,NA,NA,NA,9.5,16,101,Actinide
Nobelium,No,102,259,NA,1101.15,NA,,1100,NA,NA,NA,NA,NA,NA,,NA,NA,NA,NA,NA,NA,NA,NA,NA,NA,NA,NA,NA,NA,3,1.3,NA,NA,NA,,,f,,7,Actinide,[Rn]7s25f14,,,CAS10028-14-5,,,NA,NA,NA,,NA,NA,NA,NA,NA,0,0,0,0,0,NA,NA,NA,,NA,10000.0000000008,20000.0000000016,AlphaEmission,1S0,NA,NA,NA,NA,NA,NA,NA,NA,9.5,17,102,Actinide
Lawrencium,Lr,103,262,NA,1900.15,NA,,1900,NA,NA,NA,NA,NA,NA,,NA,NA,NA,NA,NA,NA,NA,NA,NA,NA,NA,NA,NA,NA,3,NA,NA,NA,NA,,,d,3,7,Transition Metal,[Rn]7s25f147p1,,,CAS22537-19-5,,,NA,NA,NA,,NA,NA,NA,NA,NA,0,0,0,0,0,NA,NA,NA,,NA,36000,51999.999999984,AlphaEmission,2P1/2,NA,NA,NA,NA,NA,NA,NA,NA,9.5,18,103,Actinide
Rutherfordium,Rf,104,261,NA,NA,NA,,NA,NA,NA,NA,NA,NA,NA,,NA,NA,NA,NA,NA,NA,NA,NA,NA,NA,NA,NA,NA,NA,4,NA,NA,NA,NA,,,d,4,7,Transition Metal,[Rn]7s25f146d2,,,CAS53850-36-5,,,NA,NA,NA,,NA,NA,NA,NA,NA,0,0,0,0,0,NA,NA,NA,,NA,47000.000000016,68000.000000004,AlphaEmission,3F2,NA,NA,NA,NA,NA,NA,NA,NA,7,4,104,Transition Metal
Dubnium,Db,105,262,NA,NA,NA,,NA,NA,NA,NA,NA,NA,NA,,NA,NA,NA,NA,NA,NA,NA,NA,NA,NA,NA,NA,NA,NA,5,NA,NA,NA,NA,,,d,5,7,Transition Metal,[Rn]7s25f146d3,,,CAS53850-35-4,,,NA,NA,NA,,NA,NA,NA,NA,NA,0,0,0,0,0,NA,NA,NA,,NA,20000.0000000016,29999.9999999988,AlphaEmission,4F3/2,NA,NA,NA,NA,NA,NA,NA,NA,7,5,105,Transition Metal
Seaborgium,Sg,106,266,NA,NA,NA,,NA,NA,NA,NA,NA,NA,NA,,NA,NA,NA,NA,NA,NA,NA,NA,NA,NA,NA,NA,NA,NA,6,NA,NA,NA,NA,,,d,6,7,Transition Metal,[Rn]7s25f146d4,,,CAS54038-81-2,,,NA,NA,NA,,NA,NA,NA,NA,NA,0,0,0,0,0,NA,NA,NA,,NA,6999.9999999984,10000.0000000008,AlphaEmission,5D0,NA,NA,NA,NA,NA,NA,NA,NA,7,6,106,Transition Metal
Bohrium,Bh,107,264,NA,NA,NA,,NA,NA,NA,NA,NA,NA,NA,,NA,NA,NA,NA,NA,NA,NA,NA,NA,NA,NA,NA,NA,NA,7,NA,NA,NA,NA,,,d,7,7,Transition Metal,[Rn]7s25f146d5,,,CAS54037-14-8,,,NA,NA,NA,,NA,NA,NA,NA,NA,0,0,0,0,0,NA,NA,NA,,NA,5400,7800.0000000012005,AlphaEmission,6S5/2,NA,NA,NA,NA,NA,NA,NA,NA,7,7,107,Transition Metal
Hassium,Hs,108,277,NA,NA,NA,,NA,NA,NA,NA,NA,NA,NA,,NA,NA,NA,NA,NA,NA,NA,NA,NA,NA,NA,NA,NA,NA,NA,NA,NA,NA,NA,,,d,8,7,Transition Metal,[Rn]7s25f146d6,,,CAS54037-57-9,,,NA,NA,NA,,NA,NA,NA,NA,NA,0,0,0,0,0,NA,NA,NA,,NA,3999.9999999996,5000.0000000004,AlphaEmission,5D4,NA,NA,NA,NA,NA,NA,NA,NA,7,8,108,Transition Metal
Meitnerium,Mt,109,268,NA,NA,NA,,NA,NA,NA,NA,NA,NA,NA,,NA,NA,NA,NA,NA,NA,NA,NA,NA,NA,NA,NA,NA,NA,NA,NA,NA,NA,NA,,,d,9,7,Transition Metal,[Rn]7s25f146d7,,,CAS54038-01-6,,,NA,NA,NA,,NA,NA,NA,NA,NA,0,0,0,0,0,NA,NA,NA,,NA,1800,2599.9999999998004,AlphaEmission,4F9/2,NA,NA,NA,NA,NA,NA,NA,NA,7,9,109,Transition Metal
Darmstadtium,Ds,110,281,NA,NA,NA,,NA,NA,NA,NA,NA,NA,NA,,NA,NA,NA,NA,NA,NA,NA,NA,NA,NA,NA,NA,NA,NA,NA,NA,NA,NA,NA,,,d,10,7,Transition Metal,[Rn]7s15f146d9,,,CAS54083-77-1,,,NA,NA,NA,,NA,NA,NA,NA,NA,0,0,0,0,0,NA,NA,NA,,NA,240,349.99999999998,AlphaEmission,3D3,NA,NA,NA,NA,NA,NA,NA,NA,7,10,110,Transition Metal
Roentgenium,Rg,111,272,NA,NA,NA,,NA,NA,NA,NA,NA,NA,NA,,NA,NA,NA,NA,NA,NA,NA,NA,NA,NA,NA,NA,NA,NA,NA,NA,NA,NA,NA,,,d,11,7,Transition Metal,[Rn]7s15f146d10,,,CAS54386-24-2,,,NA,NA,NA,,NA,NA,NA,NA,NA,0,0,0,0,0,NA,NA,NA,,NA,600,870,AlphaEmission,2S1/2,NA,NA,NA,NA,NA,NA,NA,NA,7,11,111,Transition Metal
Copernicium,Cn,112,NA,NA,NA,NA,,NA,NA,NA,NA,NA,NA,NA,,NA,NA,NA,NA,NA,NA,NA,NA,NA,NA,NA,NA,NA,NA,NA,NA,NA,NA,NA,,,d,12,7,Transition Metal,[Rn]7s25f146d10,,,CAS54084-26-3,,,NA,NA,NA,,NA,NA,NA,NA,NA,0,0,0,0,0,NA,NA,NA,,NA,2400,3499.9999999998004,AlphaEmission,1S0,NA,NA,NA,NA,NA,NA,NA,NA,7,12,112,Transition Metal
Nihonium,Nh,113,NA,NA,NA,NA,,NA,NA,NA,NA,NA,NA,NA,,NA,NA,NA,NA,NA,NA,NA,NA,NA,NA,NA,NA,NA,NA,NA,NA,NA,NA,NA,,,p,13,7,Poor Metal,[Rn]7s25f146d107p1,,,CAS54084-70-7,,,NA,NA,NA,,NA,NA,NA,NA,NA,0,0,0,0,0,NA,NA,NA,,NA,1200,1699.9999999998,AlphaEmission,2P1/2,NA,NA,NA,NA,NA,NA,NA,NA,7,13,113,Poor Metal
Flerovium,Fl,114,NA,NA,NA,NA,,NA,NA,NA,NA,NA,NA,NA,,NA,NA,NA,NA,NA,NA,NA,NA,NA,NA,NA,NA,NA,NA,NA,NA,NA,NA,NA,,,p,14,7,Poor Metal,[Rn]7s25f146d107p2,,,CAS54085-16-4,,,NA,NA,NA,,NA,NA,NA,NA,NA,0,0,0,0,0,NA,NA,NA,,NA,79.00000000002,120,AlphaEmission,3P0,NA,NA,NA,NA,NA,NA,NA,NA,7,14,114,Poor Metal
Moscovium,Mc,115,NA,NA,NA,NA,,NA,NA,NA,NA,NA,NA,NA,,NA,NA,NA,NA,NA,NA,NA,NA,NA,NA,NA,NA,NA,NA,NA,NA,NA,NA,NA,,,p,15,7,Poor Metal,[Rn]7s25f146d107p3,,,CAS54085-64-2,,,NA,NA,NA,,NA,NA,NA,NA,NA,0,0,0,0,0,NA,NA,NA,,NA,60,90,AlphaEmission,4S3/2,NA,NA,NA,NA,NA,NA,NA,NA,7,15,115,Poor Metal
Livermorium,Lv,116,NA,NA,NA,NA,,NA,NA,NA,NA,NA,NA,NA,,NA,NA,NA,NA,NA,NA,NA,NA,NA,NA,NA,NA,NA,NA,NA,NA,NA,NA,NA,,,p,16,7,Poor Metal,[Rn]7s25f146d107p4,,,CAS54100-71-9,,,NA,NA,NA,,NA,NA,NA,NA,NA,0,0,0,0,0,NA,NA,NA,,NA,0.12,0.17300000000000001,AlphaEmission,3P2,NA,NA,NA,NA,NA,NA,NA,NA,7,16,116,Poor Metal
Tennessine,Ts,117,NA,NA,NA,NA,,NA,NA,NA,NA,NA,NA,NA,,NA,NA,NA,NA,NA,NA,NA,NA,NA,NA,NA,NA,NA,NA,NA,NA,NA,NA,NA,,,p,17,7,Halogen,[Rn]7s25f146d107p5,,,CAS87658-56-8,,,NA,NA,NA,,NA,NA,NA,NA,NA,0,0,0,0,0,NA,NA,NA,,NA,0.05,0.07200000000000001,,2P3/2,NA,NA,NA,NA,NA,NA,NA,NA,7,17,117,Halogen
Oganesson,Og,118,NA,NA,NA,NA,,NA,NA,NA,NA,NA,NA,NA,,NA,NA,NA,NA,NA,NA,NA,NA,NA,NA,NA,NA,NA,NA,NA,NA,NA,NA,NA,,,p,18,7,Noble Gas,[Rn]7s25f146d107p6,,,CAS54144-19-3,,,NA,NA,NA,,NA,NA,NA,NA,NA,0,0,0,0,0,NA,NA,NA,,NA,0.005,0.007,AlphaEmission,1S0,NA,NA,NA,NA,NA,NA,NA,NA,7,18,118,Noble Gas
lanthanoids,NA,NA,NA,NA,NA,NA,NA,NA,NA,NA,NA,NA,NA,NA,NA,NA,NA,NA,NA,NA,NA,NA,NA,NA,NA,NA,NA,NA,NA,NA,NA,NA,NA,NA,NA,NA,NA,NA,NA,NA,NA,NA,NA,NA,NA,NA,NA,NA,NA,NA,NA,NA,NA,NA,NA,NA,NA,NA,NA,NA,NA,NA,NA,NA,NA,NA,NA,NA,NA,NA,NA,NA,NA,NA,NA,NA,NA,6,3,5771,Lanthanide
actinoids,NA,NA,NA,NA,NA,NA,NA,NA,NA,NA,NA,NA,NA,NA,NA,NA,NA,NA,NA,NA,NA,NA,NA,NA,NA,NA,NA,NA,NA,NA,NA,NA,NA,NA,NA,NA,NA,NA,NA,NA,NA,NA,NA,NA,NA,NA,NA,NA,NA,NA,NA,NA,NA,NA,NA,NA,NA,NA,NA,NA,NA,NA,NA,NA,NA,NA,NA,NA,NA,NA,NA,NA,NA,NA,NA,NA,NA,7,3,89103,Actinide
